{
    "estrutura": {
        "status": "referencia_criada"
    },
    "integridade": {
        "arquivos_vazios": [],
        "arquivos_duplicados": {
            "b5df7db8960aeaf9f9f03969324510e6637a4eb731ee36a199ac0b2adb38efd6": [
                "D:\\projetos-inovexa\\mindscan_rebuild\\README.md",
                "D:\\projetos-inovexa\\mindscan_rebuild\\data\\sample_input.json",
                "D:\\projetos-inovexa\\mindscan_rebuild\\data\\sample_output.json",
                "D:\\projetos-inovexa\\mindscan_rebuild\\logs\\.gitkeep",
                "D:\\projetos-inovexa\\mindscan_rebuild\\maintenance\\backup.py",
                "D:\\projetos-inovexa\\mindscan_rebuild\\maintenance\\healthcheck.py",
                "D:\\projetos-inovexa\\mindscan_rebuild\\modules\\predictor.py",
                "D:\\projetos-inovexa\\mindscan_rebuild\\modules\\synmind_ai_engine.py",
                "D:\\projetos-inovexa\\mindscan_rebuild\\modules\\synmind_kernel.py",
                "D:\\projetos-inovexa\\mindscan_rebuild\\tests\\test_app.py",
                "D:\\projetos-inovexa\\mindscan_rebuild\\tests\\test_engine.py",
                "D:\\projetos-inovexa\\mindscan_rebuild\\tests\\test_frontend.py",
                "D:\\projetos-inovexa\\mindscan_rebuild\\tools\\build.py",
                "D:\\projetos-inovexa\\mindscan_rebuild\\tools\\cleanup.py",
                "D:\\projetos-inovexa\\mindscan_rebuild\\tools\\exporter.py"
            ],
            "155d04f77c078f698f1f35143ee28d06f7b0766added85898c7ec96fc14acbd9": [
                "D:\\projetos-inovexa\\mindscan_rebuild\\tree_atual.json",
                "D:\\projetos-inovexa\\mindscan_rebuild\\tree_referencia.json"
            ],
            "3596fd937ce02694f95b5eebd0b9b68dcd4b80629d547dd8d4ec397cc7efc5d5": [
                "D:\\projetos-inovexa\\mindscan_rebuild\\frontend\\cadastro.html",
                "D:\\projetos-inovexa\\mindscan_rebuild\\frontend\\entrada_dados.html",
                "D:\\projetos-inovexa\\mindscan_rebuild\\frontend\\index.html",
                "D:\\projetos-inovexa\\mindscan_rebuild\\frontend\\login.html",
                "D:\\projetos-inovexa\\mindscan_rebuild\\frontend\\resultado.html"
            ]
        }
    },
    "codigo": {
        "imports_quebrados": [],
        "modulos_inexistentes": [],
        "rotas_sem_servico": [],
        "servicos_sem_provider": []
    },
    "github": {
        "github_online": true,
        "status": "",
        "branch": "",
        "pendencias": ""
    }
}